alcohol,malic_acid,ash,alcalinity_of_ash,magnesium,total_phenols,flavanoids,nonflavanoid_phenols,proanthocyanins,color_intensity,hue,od280/od315_of_diluted_wines,proline
12.247532975322558,1.8994160468324792,2.2289364104466816,20.08714613760157,92.76347019913634,2.2470129662023557,2.0566015838790936,0.3580395777418333,1.6214510130066564,2.9799876443337086,1.062636914966255,2.8047516442056373,512.4596835455217
13.132501102085934,3.30987696407254,2.4145399542688377,21.26892395564801,98.71884407553213,1.6701722866833015,0.8603733089344985,0.4528121175126764,1.1412211336608153,7.238727991775875,0.69104003955834,1.6927946151505777,620.5763911766984
13.681658070929856,1.993616641744989,2.471251542794435,17.41484482770725,107.8986030516774,2.8596027512257827,2.9621267466483787,0.29103241054248935,1.928764618352673,5.442994750608698,1.0663154598341626,3.1651389960315175,1096.576203540798
