{
  "ward": 0.6636810915961221,
  "average": 0.7614811925889803
}