,count,mean,std,min,25%,50%,75%,max
alcohol,178.0,13.00061797752809,0.8118265380058575,11.03,12.362499999999999,13.05,13.6775,14.83
malic_acid,178.0,2.3363483146067416,1.1171460976144627,0.74,1.6025,1.8650000000000002,3.0825,5.8
ash,178.0,2.3665168539325845,0.27434400906081485,1.36,2.21,2.36,2.5575,3.23
flavanoids,178.0,2.0292696629213487,0.9988586850169467,0.34,1.205,2.135,2.875,5.08
