{
  "ARI": 0.8974949815093207,
  "NMI": 0.8758935341223069
}