{
  "alcohol": {
    "ANOVA_F": 113.16607091042144,
    "ANOVA_p": 2.8789509285759764e-32,
    "eta_squared": 0.5639521937963277,
    "Kruskal_H": 101.94690118914917,
    "Kruskal_p": 7.286377757577904e-23,
    "epsilon_squared": 0.571125149652281
  },
  "flavanoids": {
    "ANOVA_F": 271.5898201993902,
    "ANOVA_p": 2.2153071821871036e-54,
    "eta_squared": 0.7563283750249049,
    "Kruskal_H": 133.2849926105377,
    "Kruskal_p": 1.1416463548990091e-29,
    "epsilon_squared": 0.7501999577745011
  }
}